{
  "center": [
    50.768,
    29.242
  ],
  "stops": {
    "st_0007": [
      50.75638,
      29.2436864
    ],
    "st_0012": [
      50.77226290552365,
      29.244838356971744
    ],
    "st_0013": [
      50.775788,
      29.2522361
    ],
    "st_0019": [
      50.77416604891004,
      29.2950975894928
    ],
    "st_0029": [
      50.77624211701746,
      29.26165580749512
    ],
    "st_0031": [
      50.76594228555578,
      29.24120664596558
    ],
    "st_0032": [
      50.765962643190555,
      29.240820407867435
    ],
    "st_0033": [
      50.776622041074724,
      29.284958839416504
    ],
    "st_0034": [
      50.77681539409744,
      29.285248517990116
    ],
    "st_0054": [
      50.77836558154032,
      29.261795282363895
    ],
    "st_0060": [
      50.777212274113246,
      29.282796978950504
    ],
    "st_0061": [
      50.77585540543252,
      29.28817749023438
    ],
    "st_0062": [
      50.77830791684445,
      29.267712235450748
    ],
    "st_0063": [
      50.77846055853144,
      29.26842570304871
    ],
    "st_0085": [
      50.7753737075828,
      29.288778305053714
    ],
    "st_0089": [
      50.777463290504144,
      29.278982877731327
    ],
    "st_0091": [
      50.7566928,
      29.2422352
    ],
    "st_0092": [
      50.75626122669818,
      29.24466669559479
    ],
    "st_0093": [
      50.75591507394546,
      29.24869000911713
    ],
    "st_0094": [
      50.75596937258579,
      29.249280095100406
    ],
    "st_0100": [
      50.7742024,
      29.2495702
    ],
    "st_0016": [
      50.777578621907736,
      29.275989532470707
    ],
    "st_0017": [
      50.77789408576449,
      29.275238513946537
    ],
    "st_0024": [
      50.757703502277366,
      29.240047931671146
    ],
    "st_0025": [
      50.760961184703774,
      29.239093065261844
    ],
    "st_0026": [
      50.76029948631453,
      29.239237904548645
    ],
    "st_0042": [
      50.76480902991684,
      29.240144491195682
    ],
    "st_0043": [
      50.7570606,
      29.2409228
    ],
    "st_0044": [
      50.76710265659914,
      29.241646528244022
    ],
    "st_0051": [
      50.772259513042066,
      29.24444139003754
    ],
    "st_0070": [
      50.76803568261603,
      29.24266040325165
    ],
    "st_0082": [
      50.76804246819163,
      29.242365360260013
    ],
    "st_0035": [
      50.77437298140198,
      29.22046780586243
    ],
    "st_0036": [
      50.77443065094973,
      29.220741391181946
    ],
    "st_0064": [
      50.762047028451384,
      29.222624301910404
    ],
    "st_0072": [
      50.77612678231798,
      29.219362735748295
    ],
    "st_0074": [
      50.757689928126155,
      29.2317008972168
    ],
    "st_0075": [
      50.75740487004148,
      29.233642816543583
    ],
    "st_0076": [
      50.75779173416417,
      29.226121902465824
    ],
    "st_0077": [
      50.757574547682,
      29.237880706787113
    ],
    "st_0078": [
      50.757340392376804,
      29.237751960754398
    ],
    "st_0097": [
      50.7719881137175,
      29.22239899635315
    ],
    "st_0098": [
      50.769012795369306,
      29.234656691551212
    ],
    "st_0045": [
      50.76944366846736,
      29.23369109630585
    ],
    "st_0047": [
      50.757577941228526,
      29.227167963981632
    ],
    "st_0050": [
      50.769206179849085,
      29.233664274215702
    ],
    "st_0052": [
      50.77393536898738,
      29.226872920989994
    ],
    "st_0056": [
      50.768130680584896,
      29.241834282875065
    ],
    "st_0067": [
      50.77194740368301,
      29.22097206115723
    ],
    "st_0001": [
      50.77429495778303,
      29.225403070449833
    ],
    "st_0020": [
      50.771255327675576,
      29.23197984695435
    ],
    "st_0023": [
      50.77138424457063,
      29.23219442367554
    ],
    "st_0037": [
      50.78293782636544,
      29.18930053710938
    ],
    "st_0038": [
      50.777938182693234,
      29.177423715591434
    ],
    "st_0080": [
      50.774400120021554,
      29.225623011589054
    ],
    "st_0039": [
      50.7763805,
      29.2183479
    ],
    "st_0065": [
      50.77282266161676,
      29.258067011833194
    ],
    "st_0066": [
      50.772870155764835,
      29.257863163948063
    ],
    "st_0095": [
      50.77171671281825,
      29.25340533256531
    ],
    "st_0096": [
      50.77161154454646,
      29.25318002700806
    ],
    "st_0015": [
      50.770624308274066,
      29.255980253219608
    ],
    "st_0046": [
      50.77073287135801,
      29.256028532981876
    ],
    "st_0004": [
      50.773982862005624,
      29.2366898059845
    ],
    "st_0005": [
      50.77394215370721,
      29.237285256385807
    ],
    "st_0083": [
      50.77745989839973,
      29.241866469383243
    ],
    "st_0084": [
      50.77731064556212,
      29.242553114891052
    ],
    "st_0088": [
      50.77983770322658,
      29.237537384033207
    ],
    "st_0002": [
      50.76508725689741,
      29.29833769798279
    ],
    "st_0003": [
      50.76468688096373,
      29.29788708686829
    ],
    "st_0027": [
      50.7605472001406,
      29.3026077747345
    ],
    "st_0028": [
      50.76050648014968,
      29.302178621292118
    ],
    "st_0010": [
      50.758504370229375,
      29.289979934692386
    ],
    "st_0011": [
      50.75991603629921,
      29.29040908813477
    ],
    "st_0014": [
      50.76519243983714,
      29.24942493438721
    ],
    "st_0021": [
      50.771743852979036,
      29.292511940002445
    ],
    "st_0022": [
      50.77170314273194,
      29.292984008789062
    ],
    "st_0055": [
      50.759837988566105,
      29.27431583404541
    ],
    "st_0059": [
      50.75996015017775,
      29.28212642669678
    ],
    "st_0079": [
      50.759753153925956,
      29.281514883041385
    ],
    "st_0081": [
      50.765528345061306,
      29.24761712551117
    ],
    "st_0086": [
      50.76139552522646,
      29.264466762542728
    ],
    "st_0087": [
      50.761555008625194,
      29.265003204345707
    ],
    "st_0040": [
      50.76071007975003,
      29.267030954360965
    ],
    "st_0041": [
      50.760961184703774,
      29.26764249801636
    ],
    "st_0048": [
      50.7599409,
      29.2847722
    ],
    "st_0049": [
      50.76699408509039,
      29.24245119094849
    ],
    "st_0068": [
      50.762915685307625,
      29.25793290138245
    ],
    "st_0073": [
      50.76253564991726,
      29.260979890823368
    ],
    "st_0057": [
      50.76527726461632,
      29.290323257446293
    ],
    "st_0058": [
      50.760513266817284,
      29.288692474365238
    ],
    "st_0008": [
      50.768,
      29.242
    ],
    "st_0018": [
      50.7736708,
      29.287684
    ],
    "st_0053": [
      50.78502028820555,
      29.278521537780765
    ],
    "st_0099": [
      50.783650079450744,
      29.2856240272522
    ],
    "st_0006": [
      50.7779679,
      29.2678191
    ],
    "st_0090": [
      50.769945783291064,
      29.266043901443485
    ],
    "st_0009": [
      50.778263820264364,
      29.29712533950806
    ],
    "st_0069": [
      50.771506376038225,
      29.305429458618168
    ],
    "st_0116": [
      50.762298126230874,
      29.261065721511844
    ],
    "st_0117": [
      50.77820276339247,
      29.271172285079956
    ],
    "st_0101": [
      50.773650409865134,
      29.24719333648682
    ],
    "st_0071": [
      50.76611193224141,
      29.263409972190857
    ],
    "st_0111": [
      50.76413042058631,
      29.301298856735233
    ],
    "st_0112": [
      50.763903084259695,
      29.29809629917145
    ],
    "st_0113": [
      50.76618657658816,
      29.298069477081302
    ],
    "st_0114": [
      50.766152647354396,
      29.290688037872318
    ],
    "st_0115": [
      50.77372164980847,
      29.29388523101807
    ],
    "st_0102": [
      50.773735219309174,
      29.294040799140934
    ],
    "st_0103": [
      50.774423866300765,
      29.294732809066776
    ],