{
  "center": [
    50.768,
    29.242
  ],
  "stops": {
    "Барміна": [
      50.75638,
      29.2436864
    ],
    "Грушевського 48": [
      50.77226290552365,
      29.244838356971744
    ],
    "Грушевського 87": [
      50.775788,
      29.2522361
    ],
    "Залізничний вокзал": [
      50.77416604891004,
      29.2950975894928
    ],
    "Й. Кульчицького": [
      50.77624211701746,
      29.26165580749512
    ],
    "Кооперативний ринок": [
      50.76594228555578,
      29.24120664596558
    ],
    "Кооперативний ринок (навпр.)": [
      50.765962643190555,
      29.240820407867435
    ],
    "Ливарний завод": [
      50.776622041074724,
      29.284958839416504
    ],
    "Ливарний завод (а/стоянка)": [
      50.77681539409744,
      29.285248517990116
    ],
    "Малинівський круг": [
      50.77836558154032,
      29.261795282363895
    ],
    "Молокозавод": [
      50.777212274113246,
      29.282796978950504
    ],
    "Огієнка 36": [
      50.77585540543252,
      29.28817749023438
    ],
    "Огієнка 65 (БАМ)": [
      50.77830791684445,
      29.267712235450748
    ],
    "Огієнка 65 (БАМ) (навпроти)": [
      50.77846055853144,
      29.26842570304871
    ],
    "ТОВ \"Фратеко\"": [
      50.7753737075828,
      29.288778305053714
    ],
    "Хлібзавод": [
      50.7778926,
      29.2703979
    ],
    "Чорновола 10": [
      50.7566928,
      29.2422352
    ],
    "Чорновола 15": [
      50.75626122669818,
      29.24466669559479
    ],
    "Чорновола 36": [
      50.75591507394546,
      29.24869000911713
    ],
    "Чорновола 53": [
      50.75596937258579,
      29.249280095100406
    ],
    "Ярослава Мудрого": [
      50.7742024,
      29.2495702
    ],
    "з-д \"РЕЙЛ\"": [
      50.777578621907736,
      29.275989532470707
    ],
    "з-д \"РЕЙЛ\" (навпроти)": [
      50.77789408576449,
      29.275238513946537
    ],
    "Івана Мазепи 27": [
      50.757703502277366,
      29.240047931671146
    ],
    "Івана Мазепи 3": [
      50.760961184703774,
      29.239093065261844
    ],
    "Івана Мазепи 4": [
      50.76029948631453,
      29.239237904548645
    ],
    "м-н \"Будматеріали\"": [
      50.76480902991684,
      29.240144491195682
    ],
    "м-н \"Вікторія\"": [
      50.7570606,
      29.2409228
    ],
    "м-н \"Доктор ЗОО\"": [
      50.76710265659914,
      29.241646528244022
    ],
    "м-н \"Сільпо\"": [
      50.772259513042066,
      29.24444139003754
    ],
    "пл. Соборна (біля РБК)": [
      50.76803568261603,
      29.24266040325165
    ],
    "сквер \"Жертв Чорнобиля\"": [
      50.76804246819163,
      29.242365360260013
    ],
    "Лікарня": [
      50.77437298140198,
      29.22046780586243
    ],
    "Лікарня 2": [
      50.77443065094973,
      29.220741391181946
    ],
    "Паперова фабрика Вайдманн": [
      50.762047028451384,
      29.222624301910404
    ],
    "Поліклініка": [
      50.77612678231798,
      29.219362735748295
    ],
    "Приходька 28": [
      50.757689928126155,
      29.2317008972168
    ],
    "Приходька 29": [
      50.75740487004148,
      29.233642816543583
    ],
    "Приходька 60 (ФБП)": [
      50.75779173416417,
      29.226121902465824
    ],
    "Приходька 8": [
      50.757574547682,
      29.237880706787113
    ],
    "Приходька 9": [
      50.757340392376804,
      29.237751960754398
    ],
    "Шевченка 119": [
      50.7719881137175,
      29.22239899635315
    ],
    "Шевченка 22": [
      50.769012795369306,
      29.234656691551212
    ],
    "м-н \"Корона\"": [
      50.76944366846736,
      29.23369109630585
    ],
    "м-н \"Наталка\"": [
      50.757577941228526,
      29.227167963981632
    ],
    "м-н \"Росава\"": [
      50.769206179849085,
      29.233664274215702
    ],
    "м-н \"Сонечко\"": [
      50.77393536898738,
      29.226872920989994
    ],
    "маркет \"Соборний\"": [
      50.768130680584896,
      29.241834282875065
    ],
    "перехр-тя Бондарик-Шевченка": [
      50.77194740368301,
      29.22097206115723
    ],
    "10 ОГШБ (навпр.РЕМу)": [
      50.77429495778303,
      29.225403070449833
    ],
    "ЗОШ \" 3": [
      50.771255327675576,
      29.23197984695435
    ],
    "ЗОШ № 3 (навпроти)": [
      50.77138424457063,
      29.23219442367554
    ],
    "Лісна": [
      50.78293782636544,
      29.18930053710938
    ],
    "Лісотехнікум": [
      50.777938182693234,
      29.177423715591434
    ],
    "РЕМ": [
      50.774400120021554,
      29.225623011589054
    ],
    "м-н \"Богдан\"": [
      50.7763805,
      29.2183479
    ],
    "Перемоги 15-17": [
      50.77282266161676,
      29.258067011833194
    ],
    "Перемоги 15-17 (зв)": [
      50.772870155764835,
      29.257863163948063
    ],
    "Швейна фабрика": [
      50.77171671281825,
      29.25340533256531
    ],
    "Швейна фабрика (навпроти)": [
      50.77161154454646,
      29.25318002700806
    ],
    "з-д \"Прожектор\"": [
      50.770624308274066,
      29.255980253219608
    ],
    "м-н \"Меркурій\"": [
      50.77073287135801,
      29.256028532981876
    ],
    "Автостанція": [
      50.773982862005624,
      29.2366898059845
    ],
    "Автостанція (навпроти)": [
      50.77394215370721,
      29.237285256385807
    ],
    "ТОВ \"Малин Енергоінвест\"": [
      50.77745989839973,
      29.241866469383243
    ],
    "ТОВ \"Райагрошляхбуд\"": [
      50.77731064556212,
      29.242553114891052
    ],
    "Укр. Повстанців 38": [
      50.77983770322658,
      29.237537384033207
    ],
    "14 ОМБ": [
      50.76508725689741,
      29.29833769798279
    ],
    "14 ОМБ (навпр)": [
      50.76468688096373,
      29.29788708686829
    ],
    "Їдальня ЗОШ 6": [
      50.7605472001406,
      29.3026077747345
    ],
    "Їдальня ЗОШ 6 (навпроти)": [
      50.76050648014968,
      29.302178621292118
    ],
    "ГМП 14": [
      50.758504370229375,
      29.289979934692386
    ],
    "ГМП 14 (навпроти)": [
      50.75991603629921,
      29.29040908813477
    ],
    "ДНЗ № 3": [
      50.76519243983714,
      29.24942493438721
    ],
    "ЗОШ 5": [
      50.771743852979036,
      29.292511940002445
    ],
    "ЗОШ 5 (навпроти)": [
      50.77170314273194,
      29.292984008789062
    ],
    "Малинське УЕГГ": [
      50.759837988566105,
      29.27431583404541
    ],
    "Миру-Городищанська (перехр)": [
      50.75996015017775,
      29.28212642669678
    ],
    "ПТЛ": [
      50.759753153925956,
      29.281514883041385
    ],
    "С.Бандери 36": [
      50.765528345061306,
      29.24761712551117
    ],
    "ТОВ \"Юнігран\"": [
      50.76139552522646,
      29.264466762542728
    ],
    "ТОВ \"Юнігран\" (навпроти)": [
      50.761555008625194,
      29.265003204345707
    ],
    "м-н \"Будмаркет\"": [
      50.76071007975003,
      29.267030954360965
    ],
    "м-н \"Будмаркет\" (навпроти)": [
      50.760961184703774,
      29.26764249801636
    ],
    "м-н \"Продукти\" навпроти ПТЛ": [
      50.7599409,
      29.2847722
    ],
    "м-н \"Промінь\"": [
      50.76699408509039,
      29.24245119094849
    ],
    "перехр.Горбатюка-Бандери": [
      50.762915685307625,
      29.25793290138245
    ],
    "прехр.Горбатюка-Бандери 2": [
      50.76253564991726,
      29.260979890823368
    ],
    "Миру - ГМП (до перехрестя)": [
      50.76527726461632,
      29.290323257446293
    ],
    "Миру - ГМП (за перехрестям)": [
      50.760513266817284,
      29.288692474365238
    ],
    "Вербицького": [
      50.768,
      29.242
    ],
    "Заводська": [
      50.7736708,
      29.287684
    ],
    "Малинівка": [
      50.78502028820555,
      29.278521537780765
    ],
    "Юрівка": [
      50.783650079450744,
      29.2856240272522
    ],
    "БАМ": [
      50.7779679,
      29.2678191
    ],
    "Царське село": [
      50.769945783291064,
      29.266043901443485
    ],
    "вул. Олекси Тихого": [
      50.778263820264364,
      29.29712533950806
    ],
    "перехрестя О. Тихого та Філатова": [
      50.771506376038225,
      29.305429458618168
    ],