{
  "center": [
    50.768,
    29.242
  ],
  "stops": {
    "Барміна": [
      50.75638,
      29.2436864
    ],
    "Грушевського 48": [
      50.77226290552365,
      29.244838356971744
    ],
    "Грушевського 87": [
      50.775788,
      29.2522361
    ],
    "Залізничний вокзал": [
      50.7774028,
      29.2800318
    ],
    "Й. Кульчицького": [
      50.7760433,
      29.2544578
    ],
    "Кооперативний ринок": [
      50.76594228555578,
      29.24120664596558
    ],
    "Кооперативний ринок (навпр.)": [
      50.765962643190555,
      29.240820407867435
    ],
    "Ливарний завод": [
      50.7741767,
      29.2805547
    ],
    "Ливарний завод (а/стоянка)": [
      50.7741767,
      29.2805547
    ],
    "Малинівський круг": [
      50.7760561,
      29.2540049
    ],
    "Молокозавод": [
      50.7777847,
      29.2821078
    ],
    "Огієнка 36": [
      50.7767374,
      29.2861792
    ],
    "Огієнка 65 (БАМ)": [
      50.7779679,
      29.2678191
    ],
    "Огієнка 65 (БАМ) (навпроти)": [
      50.7779679,
      29.2678191
    ],
    "ТОВ \"Фратеко\"": [
      50.7745972,
      29.2894462
    ],
    "Хлібзавод": [
      50.7778926,
      29.2703979
    ],
    "Чорновола 10": [
      50.7566928,
      29.2422352
    ],
    "Чорновола 15": [
      50.7564155,
      29.2446685
    ],
    "Чорновола 36": [
      50.7558597,
      29.2483657
    ],
    "Чорновола 53": [
      50.7557443,
      29.2500118
    ],
    "Ярослава Мудрого": [
      50.7742024,
      29.2495702
    ],
    "з-д \"РЕЙЛ\"": [
      50.7779228,
      29.2688559
    ],
    "з-д \"РЕЙЛ\" (навпроти)": [
      50.7779228,
      29.2688559
    ],
    "Івана Мазепи 27": [
      50.757703502277366,
      29.240047931671146
    ],
    "Івана Мазепи 3": [
      50.760961184703774,
      29.239093065261844
    ],
    "Івана Мазепи 4": [
      50.76029948631453,
      29.239237904548645
    ],
    "м-н \"Будматеріали\"": [
      50.7751772,
      29.2508212
    ],
    "м-н \"Вікторія\"": [
      50.7570606,
      29.2409228
    ],
    "м-н \"Доктор ЗОО\"": [
      50.76710265659914,
      29.241646528244022
    ],
    "м-н \"Сільпо\"": [
      50.772259513042066,
      29.24444139003754
    ],
    "пл. Соборна (біля РБК)": [
      50.7760561,
      29.2540049
    ],
    "сквер \"Жертв Чорнобиля\"": [
      50.7760561,
      29.2540049
    ],
    "Лікарня": [
      50.774613,
      29.2187204
    ],
    "Лікарня 2": [
      50.7774068,
      29.2205202
    ],
    "Паперова фабрика Вайдманн": [
      50.762047028451384,
      29.222624301910404
    ],
    "Поліклініка": [
      50.768,
      29.242
    ],
    "Приходька 28": [
      50.757689928126155,
      29.2317008972168
    ],
    "Приходька 29": [
      50.75740487004148,
      29.233642816543583
    ],
    "Приходька 60 (ФБП)": [
      50.75779173416417,
      29.226121902465824
    ],
    "Приходька 8": [
      50.757574547682,
      29.237880706787113
    ],
    "Приходька 9": [
      50.757340392376804,
      29.237751960754398
    ],
    "Шевченка 119": [
      50.769247,
      29.2337783
    ],
    "Шевченка 22": [
      50.7691311,
      29.2347628
    ],
    "м-н \"Корона\"": [
      50.769247,
      29.2337783
    ],
    "м-н \"Наталка\"": [
      50.757577941228526,
      29.227167963981632
    ],
    "м-н \"Росава\"": [
      50.769247,
      29.2337783
    ],
    "м-н \"Сонечко\"": [
      50.7704312,
      29.2331402
    ],
    "маркет \"Соборний\"": [
      50.7673135,
      29.2412857
    ],
    "перехр-тя Бондарик-Шевченка": [
      50.770409,
      29.2210238
    ],
    "10 ОГШБ (навпр.РЕМу)": [
      50.768,
      29.242
    ],
    "ЗОШ \" 3": [
      50.768,
      29.242
    ],
    "ЗОШ № 3 (навпроти)": [
      50.768,
      29.242
    ],
    "Лісна": [
      50.768,
      29.242
    ],
    "Лісотехнікум": [
      50.768,
      29.242
    ],
    "РЕМ": [
      50.768,
      29.242
    ],
    "м-н \"Богдан\"": [
      50.7763805,
      29.2183479
    ],
    "Перемоги 15-17": [
      50.7728446,
      29.2579366
    ],
    "Перемоги 15-17 (зв)": [
      50.772870155764835,
      29.257863163948063
    ],
    "Швейна фабрика": [
      50.77171671281825,
      29.25340533256531
    ],
    "Швейна фабрика (навпроти)": [
      50.77161154454646,
      29.25318002700806
    ],
    "з-д \"Прожектор\"": [
      50.770624308274066,
      29.255980253219608
    ],
    "м-н \"Меркурій\"": [
      50.77073287135801,
      29.256028532981876
    ],
    "Автостанція": [
      50.7708554,
      29.2374462
    ],
    "Автостанція (навпроти)": [
      50.7726921,
      29.2376259
    ],
    "ТОВ \"Малин Енергоінвест\"": [
      50.768,
      29.242
    ],
    "ТОВ \"Райагрошляхбуд\"": [
      50.768,
      29.242
    ],
    "Укр. Повстанців 38": [
      50.768,
      29.242
    ],
    "14 ОМБ": [
      50.7660423,
      29.299445
    ],
    "14 ОМБ (навпр)": [
      50.7660423,
      29.299445
    ],
    "Їдальня ЗОШ 6": [
      50.760452,
      29.3021351
    ],
    "Їдальня ЗОШ 6 (навпроти)": [
      50.760452,
      29.3021351
    ],
    "ГМП 14": [
      50.7651181,
      29.2921566
    ],
    "ГМП 14 (навпроти)": [
      50.7651181,
      29.2921566
    ],
    "ДНЗ № 3": [
      50.7652801,
      29.249697
    ],
    "ЗОШ 5": [
      50.772568,
      29.2925336
    ],
    "ЗОШ 5 (навпроти)": [
      50.772568,
      29.2925336
    ],
    "Малинське УЕГГ": [
      50.7599485,
      29.2766804
    ],
    "Миру-Городищанська (перехр)": [
      50.7600963,
      29.2821818
    ],
    "ПТЛ": [
      50.7593681,
      29.282239
    ],
    "С.Бандери 36": [
      50.7653604,
      29.2474462
    ],
    "ТОВ \"Юнігран\"": [
      50.7599182,
      29.2638675
    ],
    "ТОВ \"Юнігран\" (навпроти)": [
      50.761551,
      29.2663111
    ],
    "м-н \"Будмаркет\"": [
      50.7604195,
      29.2648819
    ],
    "м-н \"Будмаркет\" (навпроти)": [
      50.7610427,
      29.2667984
    ],
    "м-н \"Продукти\" навпроти ПТЛ": [
      50.7599409,
      29.2847722
    ],
    "м-н \"Промінь\"": [
      50.7666967,
      29.2422551
    ],
    "перехр.Горбатюка-Бандери": [
      50.7633667,
      29.2560336
    ],
    "прехр.Горбатюка-Бандери 2": [
      50.762379,
      29.2624359
    ],
    "Миру - ГМП (до перехрестя)": [
      50.7621331,
      29.2891952
    ],
    "Миру - ГМП (за перехрестям)": [
      50.7621331,
      29.2891952
    ],
    "Вербицького": [
      50.768,
      29.242
    ],
    "Заводська": [
      50.7736708,
      29.287684
    ],
    "Малинівка": [
      50.7873938,
      29.2680365
    ],
    "Юрівка": [
      50.7842437,
      29.2864797
    ],
    "БАМ": [
      50.7779679,
      29.2678191
    ],
    "Царське село": [
      50.7691403,
      29.268809
    ],
    "вул. Олекси Тихого": [
      50.7690353,
      29.3055
    ],
    "перехрестя О. Тихого та Філатова": [
      50.7692,
      29.3052
    ]
  }
}